﻿<?xml version="1.0" encoding="utf-8"?><DTSLoggingTemplate xmlns:xsi="http://www.w3.org/2001/XMLSchema-instance" xmlns:xsd="http://www.w3.org/2001/XMLSchema" Name="TaskHost" xmlns="www.microsoft.com/SqlServer/Dts"><EventsFilter Name="OnError"><Filter><Computer>true</Computer><Operator>true</Operator><SourceName>true</SourceName><SourceID>true</SourceID><ExecutionID>true</ExecutionID><MessageText>true</MessageText><DataBytes>true</DataBytes></Filter></EventsFilter><EventsFilter Name="OnExecStatusChanged"><Filter><Computer>false</Computer><Operator>false</Operator><SourceName>false</SourceName><SourceID>false</SourceID><ExecutionID>false</ExecutionID><MessageText>false</MessageText><DataBytes>false</DataBytes></Filter></EventsFilter><EventsFilter Name="OnInformation"><Filter><Computer>false</Computer><Operator>false</Operator><SourceName>false</SourceName><SourceID>false</SourceID><ExecutionID>false</ExecutionID><MessageText>false</MessageText><DataBytes>false</DataBytes></Filter></EventsFilter><EventsFilter Name="OnPipelinePostEndOfRowset"><Filter><Computer>false</Computer><Operator>false</Operator><SourceName>false</SourceName><SourceID>false</SourceID><ExecutionID>false</ExecutionID><MessageText>false</MessageText><DataBytes>false</DataBytes></Filter></EventsFilter><EventsFilter Name="OnPipelinePostPrimeOutput"><Filter><Computer>false</Computer><Operator>false</Operator><SourceName>false</SourceName><SourceID>false</SourceID><ExecutionID>false</ExecutionID><MessageText>false</MessageText><DataBytes>false</DataBytes></Filter></EventsFilter><EventsFilter Name="OnPipelinePreEndOfRowset"><Filter><Computer>false</Computer><Operator>false</Operator><SourceName>false</SourceName><SourceID>false</SourceID><ExecutionID>false</ExecutionID><MessageText>false</MessageText><DataBytes>false</DataBytes></Filter></EventsFilter><EventsFilter Name="OnPipelinePrePrimeOutput"><Filter><Computer>false</Computer><Operator>false</Operator><SourceName>false</SourceName><SourceID>false</SourceID><ExecutionID>false</ExecutionID><MessageText>false</MessageText><DataBytes>false</DataBytes></Filter></EventsFilter><EventsFilter Name="OnPipelineRowsSent"><Filter><Computer>false</Computer><Operator>false</Operator><SourceName>false</SourceName><SourceID>false</SourceID><ExecutionID>false</ExecutionID><MessageText>false</MessageText><DataBytes>false</DataBytes></Filter></EventsFilter><EventsFilter Name="OnPostExecute"><Filter><Computer>false</Computer><Operator>false</Operator><SourceName>false</SourceName><SourceID>false</SourceID><ExecutionID>false</ExecutionID><MessageText>false</MessageText><DataBytes>false</DataBytes></Filter></EventsFilter><EventsFilter Name="OnPostValidate"><Filter><Computer>false</Computer><Operator>false</Operator><SourceName>false</SourceName><SourceID>false</SourceID><ExecutionID>false</ExecutionID><MessageText>false</MessageText><DataBytes>false</DataBytes></Filter></EventsFilter><EventsFilter Name="OnPreExecute"><Filter><Computer>false</Computer><Operator>false</Operator><SourceName>false</SourceName><SourceID>false</SourceID><ExecutionID>false</ExecutionID><MessageText>false</MessageText><DataBytes>false</DataBytes></Filter></EventsFilter><EventsFilter Name="OnPreValidate"><Filter><Computer>false</Computer><Operator>false</Operator><SourceName>false</SourceName><SourceID>false</SourceID><ExecutionID>false</ExecutionID><MessageText>false</MessageText><DataBytes>false</DataBytes></Filter></EventsFilter><EventsFilter Name="OnProgress"><Filter><Computer>false</Computer><Operator>false</Operator><SourceName>false</SourceName><SourceID>false</SourceID><ExecutionID>false</ExecutionID><MessageText>false</MessageText><DataBytes>false</DataBytes></Filter></EventsFilter><EventsFilter Name="OnQueryCancel"><Filter><Computer>false</Computer><Operator>false</Operator><SourceName>false</SourceName><SourceID>false</SourceID><ExecutionID>false</ExecutionID><MessageText>false</MessageText><DataBytes>false</DataBytes></Filter></EventsFilter><EventsFilter Name="OnTaskFailed"><Filter><Computer>false</Computer><Operator>false</Operator><SourceName>false</SourceName><SourceID>false</SourceID><ExecutionID>false</ExecutionID><MessageText>false</MessageText><DataBytes>false</DataBytes></Filter></EventsFilter><EventsFilter Name="OnVariableValueChanged"><Filter><Computer>false</Computer><Operator>false</Operator><SourceName>false</SourceName><SourceID>false</SourceID><ExecutionID>false</ExecutionID><MessageText>false</MessageText><DataBytes>false</DataBytes></Filter></EventsFilter><EventsFilter Name="OnWarning"><Filter><Computer>false</Computer><Operator>false</Operator><SourceName>false</SourceName><SourceID>false</SourceID><ExecutionID>false</ExecutionID><MessageText>false</MessageText><DataBytes>false</DataBytes></Filter></EventsFilter><EventsFilter Name="BufferSizeTuning"><Filter><Computer>false</Computer><Operator>false</Operator><SourceName>false</SourceName><SourceID>false</SourceID><ExecutionID>false</ExecutionID><MessageText>false</MessageText><DataBytes>false</DataBytes></Filter></EventsFilter><EventsFilter Name="PipelineBufferLeak"><Filter><Computer>false</Computer><Operator>false</Operator><SourceName>false</SourceName><SourceID>false</SourceID><ExecutionID>false</ExecutionID><MessageText>false</MessageText><DataBytes>false</DataBytes></Filter></EventsFilter><EventsFilter Name="PipelineComponentTime"><Filter><Computer>false</Computer><Operator>false</Operator><SourceName>false</SourceName><SourceID>false</SourceID><ExecutionID>false</ExecutionID><MessageText>false</MessageText><DataBytes>false</DataBytes></Filter></EventsFilter><EventsFilter Name="PipelineExecutionPlan"><Filter><Computer>false</Computer><Operator>false</Operator><SourceName>false</SourceName><SourceID>false</SourceID><ExecutionID>false</ExecutionID><MessageText>false</MessageText><DataBytes>false</DataBytes></Filter></EventsFilter><EventsFilter Name="PipelineExecutionTrees"><Filter><Computer>false</Computer><Operator>false</Operator><SourceName>false</SourceName><SourceID>false</SourceID><ExecutionID>false</ExecutionID><MessageText>false</MessageText><DataBytes>false</DataBytes></Filter></EventsFilter><EventsFilter Name="PipelineInitialization"><Filter><Computer>false</Computer><Operator>false</Operator><SourceName>false</SourceName><SourceID>false</SourceID><ExecutionID>false</ExecutionID><MessageText>false</MessageText><DataBytes>false</DataBytes></Filter></EventsFilter></DTSLoggingTemplate>